timestamp,open,high,low,close,adjusted_close,volume,dividend_amount,split_coefficient,RSI,SMA,EMA,Real Lower Band,Real Middle Band,Real Upper Band
2019-11-13,51.2300,51.3700,51.1200,51.2689,51.2689,328551,0.0000,1.0000,57.9865,50.3990,51.0485,49.8774,50.8100,51.7426
2019-11-12,51.3400,51.5300,51.2100,51.3500,51.3500,6801000,0.0000,1.0000,59.0318,50.3732,51.0099,49.8642,50.7755,51.6868
2019-11-11,51.2500,51.3600,51.1600,51.2900,51.2900,1133400,0.0000,1.0000,58.4354,50.3270,50.9532,49.8541,50.7330,51.6119
2019-11-08,51.3800,51.6900,51.3100,51.5300,51.5300,1537500,0.0000,1.0000,61.7757,50.2918,50.8971,49.6929,50.6510,51.6091
2019-11-07,51.2800,51.7500,51.2000,51.3900,51.3900,1976200,0.0000,1.0000,60.5543,50.2530,50.7916,49.6186,50.5625,51.5064
2019-11-06,51.2500,51.2700,50.8400,51.0700,51.0700,2288300,0.0000,1.0000,57.6847,50.2018,50.6919,49.4092,50.4520,51.4948
2019-11-05,51.2700,51.3700,51.1500,51.2500,51.2500,1886900,0.0000,1.0000,59.9632,50.1546,50.6289,49.1411,50.3435,51.5459
2019-11-04,51.1200,51.3150,51.0300,51.2300,51.2300,4650500,0.0000,1.0000,59.7994,50.1020,50.5254,48.8652,50.2115,51.5578
2019-11-01,50.9100,50.9600,50.5600,50.9500,50.9500,3450700,0.0000,1.0000,57.5407,50.0354,50.4079,48.8165,50.1205,51.4245
2019-10-31,50.8400,50.8400,50.1700,50.6200,50.6200,4059900,0.0000,1.0000,54.7588,50.0014,50.3176,48.7628,50.0435,51.3242
2019-10-30,50.4500,50.6100,50.0950,50.4700,50.4700,3900600,0.0000,1.0000,53.4722,49.9762,50.2672,48.5813,49.9500,51.3187
2019-10-29,50.6900,50.7700,50.2400,50.3300,50.3300,1788600,0.0000,1.0000,52.2964,49.9502,50.2334,48.3144,49.8405,51.3666
2019-10-28,50.5800,50.9400,50.5400,50.7900,50.7900,2882900,0.0000,1.0000,56.6654,49.9336,50.2173,48.2262,49.7750,51.3238
2019-10-25,50.0000,50.5800,49.9000,50.3200,50.3200,1210800,0.0000,1.0000,52.9349,49.8926,50.1218,48.2318,49.7115,51.1912
2019-10-24,50.2400,50.2500,49.7600,49.9300,49.9300,2444800,0.0000,1.0000,49.5913,49.8486,50.0888,48.1950,49.6590,51.1230
2019-10-23,50.1000,50.5500,50.1000,50.5000,50.5000,1958500,0.0000,1.0000,54.8828,49.8108,50.1153,48.1930,49.6540,51.1150
2019-10-22,50.6800,50.7300,50.0850,50.1100,50.1100,2433600,0.0000,1.0000,51.6018,49.7970,50.0512,48.2029,49.6450,51.0871
2019-10-21,50.5100,50.7130,50.4530,50.6000,50.6000,1425400,0.0000,1.0000,56.3857,49.7762,50.0414,48.1996,49.6270,51.0544
2019-10-18,50.7600,50.9150,50.0200,50.3000,50.3000,1958200,0.0000,1.0000,53.9591,49.7566,49.9483,48.2069,49.6225,51.0381
2019-10-17,50.9900,51.0100,50.7000,50.8900,50.8900,2037200,0.0000,1.0000,60.0617,49.7542,49.8896,48.1797,49.6420,51.1043
2019-10-16,50.3800,50.6500,50.3500,50.5900,50.5900,2285200,0.0000,1.0000,57.8087,49.7202,49.7229,48.1461,49.6545,51.1629
2019-10-15,49.7300,50.6100,49.6600,50.5000,50.5000,2105200,0.0000,1.0000,57.1351,49.6910,49.5784,48.0953,49.6795,51.2637
2019-10-14,49.7100,49.7750,49.5300,49.6500,49.6500,1246200,0.0000,1.0000,50.1562,49.6496,49.4248,48.0377,49.7120,51.3863
2019-10-11,49.6500,50.2000,49.6400,49.7600,49.7600,4104900,0.0000,1.0000,51.1570,49.6576,49.3873,48.0049,49.7845,51.5641
2019-10-10,48.8400,49.3700,48.7800,49.1800,49.1800,3093400,0.0000,1.0000,45.8682,49.6732,49.3252,47.9645,49.8610,51.7575
2019-10-09,48.9100,49.0800,48.7450,48.9000,48.9000,4070600,0.0000,1.0000,43.1065,49.7052,49.3493,47.9919,49.9710,51.9501
2019-10-08,49.0800,49.2100,48.6100,48.6100,48.6100,2431400,0.0000,1.0000,40.1710,49.7510,49.4242,48.1000,50.0875,52.0750
2019-10-07,49.2800,49.7300,49.1400,49.4100,49.4100,1365500,0.0000,1.0000,46.2890,49.8074,49.5599,48.3048,50.2050,52.1052
2019-10-04,48.9300,49.4800,48.8400,49.4100,49.4100,1920200,0.0000,1.0000,46.2890,49.8536,49.5849,48.3932,50.2790,52.1648
2019-10-03,48.3200,48.7900,47.7200,48.7500,48.7500,6945800,0.0000,1.0000,39.7631,49.8710,49.6141,48.4934,50.3450,52.1966
2019-10-02,48.6400,48.6900,48.0700,48.2800,48.2800,4405500,0.0000,1.0000,34.5007,49.9042,49.7581,48.7392,50.4495,52.1598
2019-10-01,49.6500,49.7900,48.9400,49.0200,49.0200,2758700,0.0000,1.0000,39.5525,49.9380,50.0045,49.1220,50.5350,51.9480
2019-09-30,49.3700,49.6050,49.2760,49.5200,49.5200,2466600,0.0000,1.0000,43.5537,49.9532,50.1685,49.1273,50.5360,51.9447
2019-09-27,49.9200,49.9300,48.8900,49.2700,49.2700,1852900,0.0000,1.0000,40.7718,49.9546,50.2766,49.1292,50.5365,51.9438
2019-09-26,50.2100,50.2100,49.4750,49.8300,49.8300,1793800,0.0000,1.0000,45.4287,49.9740,50.4444,49.1968,50.5525,51.9082
2019-09-25,49.7200,50.4100,49.3800,50.3200,50.3200,2181200,0.0000,1.0000,50.0757,49.9904,50.5468,48.9804,50.5025,52.0246
2019-09-24,50.6900,50.7000,49.4800,49.7500,49.7500,5371100,0.0000,1.0000,43.8741,50.0066,50.5846,48.7112,50.4220,52.1328
2019-09-23,50.5200,50.6500,50.2600,50.5100,50.5100,2177300,0.0000,1.0000,51.8482,50.0366,50.7237,48.5018,50.3655,52.2292
2019-09-20,51.1200,51.1200,50.4100,50.6900,50.6900,6357900,0.1190,1.0000,54.0069,50.0512,50.7593,48.0863,50.2350,52.3837
2019-09-19,51.1900,51.4400,50.9900,51.1400,51.0210,2357900,0.0000,1.0000,59.7855,50.0548,50.7708,47.9839,50.1630,52.3421
2019-09-18,51.0700,51.1500,50.5400,51.0900,50.9711,1741500,0.0000,1.0000,59.3366,50.0488,50.7093,47.9165,50.0740,52.2315
2019-09-17,51.0900,51.1600,50.8100,51.1500,51.0310,4556200,0.0000,1.0000,60.0839,50.0324,50.6459,47.8391,49.9780,52.1169
2019-09-16,50.9900,51.2300,50.9000,51.1000,50.9811,2527600,0.0000,1.0000,59.6910,50.0086,50.5618,47.8173,49.8955,51.9737
2019-09-13,51.3800,51.5000,51.1800,51.2900,51.1707,3569400,0.0000,1.0000,61.8386,49.9948,50.4722,47.7184,49.7775,51.8366
2019-09-12,51.5400,51.6500,51.3110,51.3800,51.2604,4014500,0.0000,1.0000,62.8329,49.9758,50.3359,47.5619,49.6190,51.6761
2019-09-11,51.0000,51.3100,50.9500,51.2300,51.1108,6274100,0.0000,1.0000,61.8844,49.9498,50.1618,47.4524,49.4520,51.4516
2019-09-10,50.7000,51.0900,50.6350,50.9600,50.8414,3638500,0.0000,1.0000,60.1862,49.9176,49.9838,47.5448,49.3810,51.2172
2019-09-09,51.0000,51.2000,50.6100,50.8900,50.7716,6421800,0.0000,1.0000,59.7545,49.8828,49.8211,47.5964,49.2865,50.9766
2019-09-06,50.8500,50.9300,50.6400,50.7300,50.6120,3445400,0.0000,1.0000,58.8066,49.8400,49.6429,47.6905,49.2230,50.7555
2019-09-05,50.4800,50.8950,50.3900,50.8400,50.7217,3624600,0.0000,1.0000,59.7044,49.7936,49.4618,47.7552,49.1955,50.6358
2019-09-04,49.5200,50.0800,49.4550,49.9900,49.8737,1865900,0.0000,1.0000,54.7473,49.7488,49.2321,47.8857,49.1130,50.3403
2019-09-03,49.1900,49.5150,48.9100,49.0400,48.9259,3122100,0.0000,1.0000,48.1244,49.7394,49.1057,47.9102,49.0700,50.2298
2019-08-30,49.8100,49.8600,49.2900,49.5300,49.4147,3045500,0.0000,1.0000,51.7520,49.7466,49.1167,47.8466,49.0395,50.2324
2019-08-29,49.3400,49.7400,49.2200,49.5900,49.4746,2169000,0.0000,1.0000,52.1994,49.7422,49.0478,47.8099,49.0655,50.3211
2019-08-28,48.5100,48.9000,48.3100,48.8300,48.7164,2088900,0.0000,1.0000,46.7888,49.7304,48.9575,47.7175,49.1130,50.5085
2019-08-27,49.1000,49.1700,48.5600,48.7100,48.5967,3139100,0.0000,1.0000,45.8908,49.7326,48.9787,47.6456,49.2105,50.7754
2019-08-26,48.3500,48.6300,48.1000,48.6200,48.5069,3155300,0.0000,1.0000,45.2473,49.7318,49.0235,47.5678,49.3345,51.1012
2019-08-23,49.0000,49.3800,47.7350,47.9000,47.7885,4020300,0.0000,1.0000,39.9415,49.7218,49.0907,47.5210,49.4750,51.4290
2019-08-22,49.4800,49.5750,48.8000,49.2500,49.1354,1649100,0.0000,1.0000,48.0481,49.7244,49.2892,47.6205,49.6660,51.7115
2019-08-21,49.5000,49.5900,49.3000,49.3600,49.2451,2792300,0.0000,1.0000,48.7975,49.6894,49.2957,47.6646,49.7175,51.7704
2019-08-20,49.3300,49.5100,49.0600,49.1700,49.0556,2156600,0.0000,1.0000,47.4838,49.6568,49.2850,47.7027,49.7700,51.8373
2019-08-19,49.3100,49.7100,49.2700,49.5000,49.3848,2163500,0.0000,1.0000,49.5334,49.6240,49.3042,47.7598,49.8100,51.8602
2019-08-16,48.5200,48.8200,48.3800,48.7400,48.6266,2499600,0.0000,1.0000,44.4013,49.5854,49.2715,47.7786,49.8240,51.8694
2019-08-15,48.2000,48.3700,47.7800,48.1200,48.0080,3998600,0.0000,1.0000,39.7608,49.5468,49.3601,47.8785,49.8665,51.8545
2019-08-14,49.1100,49.1500,47.9700,48.0400,47.9282,4532700,0.0000,1.0000,39.1523,49.5166,49.5668,48.1490,49.9725,51.7960
2019-08-13,49.0400,50.2900,48.9800,49.8100,49.6941,4091700,0.0000,1.0000,49.4053,49.4876,49.8213,48.4900,50.1030,51.7160
2019-08-12,49.3800,49.4277,48.8800,49.0700,48.9558,3759300,0.0000,1.0000,43.6795,49.4036,49.8231,48.5022,50.1690,51.8358
2019-08-09,49.8800,50.0800,49.3100,49.6200,49.5045,1837100,0.0000,1.0000,47.3801,49.3640,49.9486,48.6279,50.2780,51.9281
2019-08-08,49.5900,50.1900,49.3206,50.1800,50.0632,2456700,0.0000,1.0000,51.5057,49.3282,50.0034,48.6871,50.3590,52.0309
2019-08-07,48.5500,49.3037,48.1640,49.1900,49.0755,3323300,0.0000,1.0000,43.4178,49.2790,49.9740,48.7094,50.3935,52.0776
2019-08-06,48.9600,49.3800,48.6800,49.1300,49.0157,6548200,0.0000,1.0000,42.8817,49.2590,50.1047,48.8763,50.4760,52.0757
2019-08-05,49.0900,49.2600,47.9700,48.4300,48.3173,6247900,0.0000,1.0000,36.3482,49.2360,50.2671,49.0524,50.5330,52.0136
2019-08-02,50.2900,50.4300,49.7500,50.0500,49.9335,4656200,0.0000,1.0000,48.1952,49.2272,50.5733,49.4476,50.6095,51.7714
2019-08-01,50.9200,51.6000,50.3310,50.5400,50.4224,4095700,0.0000,1.0000,53.0516,49.1996,50.6605,49.4899,50.6275,51.7651
2019-07-31,51.2200,51.5100,50.3400,50.7800,50.6618,2090800,0.0000,1.0000,55.5997,49.1632,50.6806,49.4735,50.6175,51.7615
2019-07-30,51.1100,51.3980,51.0400,51.1900,51.0709,2095800,0.0000,1.0000,60.1853,49.1114,50.6640,49.4179,50.5825,51.7471
2019-07-29,51.6400,51.6400,51.1700,51.4300,51.3103,2582300,0.0000,1.0000,63.0100,49.0676,50.5763,49.3027,50.5040,51.7053
2019-07-26,51.1700,51.8700,51.1400,51.7200,51.5997,5049700,0.0000,1.0000,66.5126,49.0262,50.4341,49.1475,50.3935,51.6395
2019-07-25,50.4900,50.6400,49.9800,50.2800,50.1630,2192600,0.0000,1.0000,54.9714,48.9704,50.2197,48.9595,50.2450,51.5305
2019-07-24,49.6000,50.4600,49.5600,50.4100,50.2927,1840700,0.0000,1.0000,56.6069,48.9220,50.2097,48.6380,50.1515,51.6650
2019-07-23,49.9400,49.9800,49.5000,49.9700,49.8537,2624700,0.0000,1.0000,52.1310,48.8656,50.1763,48.4099,50.0610,51.7121
2019-07-22,49.7400,49.7959,49.4550,49.7800,49.6642,2391500,0.0000,1.0000,50.0658,48.8484,50.2107,48.3709,50.0385,51.7061
2019-07-19,50.4553,50.4500,49.5500,49.5900,49.4746,1979600,0.0000,1.0000,47.9819,48.8322,50.2825,48.3320,50.0195,51.7070
2019-07-18,50.1800,50.3200,49.8442,50.2400,50.1231,1813800,0.0000,1.0000,55.3153,48.8228,50.3979,48.2994,50.0055,51.7116
2019-07-17,51.1500,51.2213,50.6500,50.6500,50.5321,4760700,0.0000,1.0000,60.7539,48.8020,50.4242,48.1866,49.9435,51.7004
2019-07-16,51.2800,51.3500,51.0400,51.1300,51.0110,2540800,0.0000,1.0000,68.0248,48.7892,50.3866,48.0807,49.8580,51.6353
2019-07-15,51.2700,51.3100,50.9700,51.2500,51.1307,4075900,0.0000,1.0000,69.9687,48.7684,50.2627,47.9866,49.7350,51.4834
2019-07-12,50.8600,51.2500,50.7800,51.2400,51.1208,2621800,0.0000,1.0000,69.9021,48.7356,50.0981,47.8402,49.5785,51.3168
2019-07-11,50.9500,51.0700,50.6600,50.8700,50.7516,5463100,0.0000,1.0000,67.4216,48.7070,49.9078,47.7310,49.4180,51.1050
2019-07-10,50.6000,50.8950,50.4000,50.8400,50.7217,2294400,0.0000,1.0000,67.2182,48.6910,49.7475,47.5041,49.2495,50.9949
2019-07-09,49.7800,50.3500,49.7100,50.2700,50.1530,1714900,0.0000,1.0000,63.1599,48.6986,49.5654,47.3894,49.0940,50.7986
2019-07-08,50.2100,50.2167,49.8400,49.9600,49.8437,1152800,0.0000,1.0000,60.7032,48.7084,49.4479,47.2125,48.9570,50.7015
2019-07-05,50.1900,50.4800,49.8600,50.4100,50.2927,3006100,0.0000,1.0000,66.6987,48.7164,49.3626,47.0571,48.8375,50.6179
2019-07-03,50.2100,50.4600,50.1100,50.3400,50.2229,1260700,0.0000,1.0000,66.2167,48.7042,49.1880,46.8224,48.6575,50.4926
2019-07-02,49.6400,50.1100,49.6400,50.0800,49.9635,2336600,0.0000,1.0000,64.4418,48.6980,48.9960,46.5999,48.4710,50.3421
2019-07-01,49.7700,49.8900,49.4300,49.6200,49.5045,2851800,0.0000,1.0000,61.0826,48.6838,48.8154,46.4073,48.2965,50.1857
2019-06-28,48.8800,49.2600,48.7200,49.2200,49.1055,6084800,0.0000,1.0000,57.8689,48.6744,48.6813,45.9744,48.0960,50.2176
2019-06-27,48.7400,48.8400,48.5200,48.7500,48.6366,1984700,0.0000,1.0000,53.6971,48.6724,48.5915,45.8906,47.9895,50.0884
2019-06-26,48.7500,48.9634,48.3200,48.4100,48.2974,2380900,0.0000,1.0000,50.3978,48.6780,48.5651,45.8731,47.9435,50.0139
2019-06-25,49.5000,49.5000,48.5050,48.6000,48.4869,2431900,0.0000,1.0000,52.3328,48.6894,48.5909,45.8479,47.9090,49.9701
2019-06-24,49.4900,49.6200,49.3200,49.5200,49.4048,5236900,0.0000,1.0000,63.2519,48.6978,48.5894,45.8472,47.8885,49.9298
2019-06-21,49.1100,49.4800,49.0600,49.4000,49.2850,10006600,0.1180,1.0000,62.2991,48.6794,48.4343,45.9109,47.8115,49.7121
2019-06-20,49.6100,49.6340,48.9600,49.3100,49.0775,3340000,0.0000,1.0000,61.6059,48.6628,48.2733,45.9819,47.7410,49.5001
2019-06-19,48.9364,49.0700,48.6000,49.0000,48.7690,3319400,0.0000,1.0000,59.2068,48.6438,48.1006,46.0445,47.7090,49.3735
2019-06-18,49.3300,49.5700,48.8700,48.9400,48.7093,3843500,0.0000,1.0000,58.7435,48.6284,47.9507,46.0700,47.6950,49.3200
2019-06-17,48.3000,48.7900,48.2600,48.6700,48.4405,4248700,0.0000,1.0000,56.6879,48.6160,47.7858,46.1167,47.6575,49.1983
2019-06-14,48.1100,48.2600,47.9400,48.1200,47.8931,2734900,0.0000,1.0000,52.1813,48.6062,47.6384,46.0839,47.6740,49.2641
2019-06-13,47.6500,48.0500,47.5400,48.0300,47.8036,6500400,0.0000,1.0000,51.4131,48.6020,47.5581,45.9919,47.7360,49.4801
2019-06-12,47.7100,47.9000,47.3250,47.5000,47.2761,2459400,0.0000,1.0000,46.7341,48.5960,47.4795,45.9640,47.7810,49.5980
2019-06-11,48.0500,48.1700,47.6720,47.7300,47.5050,2869800,0.0000,1.0000,48.6209,48.5956,47.4760,45.9863,47.7990,49.6117
2019-06-10,47.8700,48.0400,47.4600,47.5300,47.3059,5163000,0.0000,1.0000,46.8895,48.5764,47.4337,45.9773,47.7920,49.6067
2019-06-07,47.0100,47.7300,46.9686,47.5700,47.3457,3345600,0.0000,1.0000,47.1848,48.5592,47.4177,45.9731,47.8710,49.7689
2019-06-06,46.7000,46.8900,46.4490,46.8100,46.5893,3175900,0.0000,1.0000,40.5831,48.5434,47.3923,45.9901,47.9410,49.8919
2019-06-05,46.7200,46.7200,46.1700,46.6100,46.3903,5526400,0.0000,1.0000,38.7111,48.5496,47.4893,46.1136,48.0565,49.9994
2019-06-04,45.9900,46.5900,45.6700,46.5900,46.3704,7110700,0.0000,1.0000,38.5312,48.5552,47.6359,46.3017,48.1860,50.0703
2019-06-03,46.6237,46.6300,45.3100,45.6100,45.3950,7155200,0.0000,1.0000,29.0604,48.5628,47.8102,46.4624,48.3570,50.2516
2019-05-31,47.2700,47.3860,47.0191,47.0900,46.8680,2484800,0.0000,1.0000,37.0699,48.6054,48.1769,47.0061,48.5810,50.1559
2019-05-30,47.8200,47.9670,47.5800,47.8300,47.6045,2520600,0.0000,1.0000,42.5097,48.6060,48.3581,47.2291,48.7070,50.1849
2019-05-29,47.9900,48.0500,47.5050,47.7200,47.4950,2512500,0.0000,1.0000,41.3211,48.5834,48.4461,47.3112,48.8060,50.3008
2019-05-28,48.1800,48.6100,48.1400,48.1900,47.9628,2793400,0.0000,1.0000,45.0133,48.5614,48.5671,47.4192,48.9235,50.4278
2019-05-24,48.2700,48.4200,47.9500,47.9800,47.7538,3442300,0.0000,1.0000,42.8964,48.5380,48.6299,47.3092,49.0750,50.8408
2019-05-23,48.1800,48.3200,47.7100,47.9900,47.7638,2570200,0.0000,1.0000,42.9695,48.5212,48.7383,47.3785,49.2140,51.0495
2019-05-22,48.5700,48.9900,48.5644,48.6700,48.4405,2793700,0.0000,1.0000,48.1545,48.5084,48.8630,47.5226,49.3325,51.1424
2019-05-21,48.5800,48.8100,48.3800,48.7200,48.4903,3023900,0.0000,1.0000,48.5545,48.4792,48.8951,47.5949,49.3890,51.1831
2019-05-20,48.5000,48.5800,48.0600,48.1900,47.9628,3854100,0.0000,1.0000,43.9734,48.4448,48.9243,47.6672,49.4545,51.2418
2019-05-17,48.9400,49.5100,48.8800,49.0000,48.7690,3662800,0.0000,1.0000,50.3342,48.4044,49.0467,47.8217,49.5135,51.2053
2019-05-16,48.9600,49.6100,48.8820,49.3600,49.1273,4627100,0.0000,1.0000,53.5299,48.3484,49.0545,47.8371,49.5210,51.2049
2019-05-15,47.6132,49.0800,47.6100,48.9300,48.6993,7292700,0.0000,1.0000,50.0097,48.2934,49.0036,47.8173,49.5090,51.2007
2019-05-14,47.8700,48.2800,47.5409,47.8600,47.6344,5332000,0.0000,1.0000,39.4035,48.2474,49.0158,47.8286,49.5140,51.1994
2019-05-13,48.1200,48.4200,47.4500,47.5900,47.3656,8211000,0.0000,1.0000,36.2335,48.2170,49.2085,48.0409,49.5700,51.0991
2019-05-10,48.8708,49.2880,48.1700,49.1100,48.8785,2900500,0.0000,1.0000,49.8720,48.1908,49.4782,48.3789,49.6415,50.9041
2019-05-09,48.7300,49.1500,48.4600,48.9700,48.7391,4241500,0.0000,1.0000,48.2046,48.1270,49.5396,48.2924,49.6160,50.9396
2019-05-08,49.2206,49.4100,49.0700,49.1200,48.8884,3453500,0.0000,1.0000,49.8545,48.0654,49.6345,48.2228,49.5960,50.9692
2019-05-07,49.7200,49.8300,48.8100,49.2000,48.9681,4342100,0.0000,1.0000,50.7141,48.0054,49.7203,48.0951,49.5580,51.0209
2019-05-06,49.2696,50.0900,49.2600,50.0100,49.7742,3159800,0.0000,1.0000,60.5260,47.9438,49.8070,47.9418,49.5095,51.0772
2019-05-03,49.8700,50.1200,49.6850,50.0900,49.8539,2050400,0.0000,1.0000,61.6194,47.8650,49.7731,47.7934,49.4250,51.0566
2019-05-02,49.8500,49.9700,49.1900,49.6100,49.3761,4680800,0.0000,1.0000,57.3243,47.7760,49.7203,47.6421,49.3295,51.0169
2019-05-01,50.2800,50.3750,49.8050,49.8100,49.5752,4262700,0.0000,1.0000,59.9186,47.7052,49.7387,47.4541,49.2445,51.0349
2019-04-30,50.2800,50.4200,49.8850,50.0700,49.8340,3197100,0.0000,1.0000,63.3812,47.6336,49.7268,47.2545,49.1405,51.0265
2019-04-29,50.8700,51.3400,50.8700,51.2200,50.9785,1340700,0.0000,1.0000,83.1060,47.5558,49.6696,47.0441,49.0110,50.9779
2019-04-26,50.4900,50.7800,50.2300,50.7600,50.5207,2076600,0.0000,1.0000,80.8980,47.4510,49.4112,46.8652,48.7885,50.7118
2019-04-25,50.6600,50.6700,50.2000,50.3600,50.1226,3064600,0.0000,1.0000,78.6442,47.3520,49.1864,46.6730,48.5840,50.4950
2019-04-24,50.0400,50.0500,49.7200,49.8000,49.5652,3311500,0.0000,1.0000,74.7752,47.2604,48.9909,46.5225,48.4050,50.2875
2019-04-23,49.6300,50.1500,49.5100,50.0300,49.7941,3929800,0.0000,1.0000,80.3252,47.1696,48.8560,46.4235,48.2710,50.1185
2019-04-22,49.0500,49.3700,49.0020,49.3700,49.1372,2126800,0.0000,1.0000,75.4748,47.0836,48.6603,46.3598,48.1140,49.8682
2019-04-18,49.2500,49.2500,49.0100,49.1500,48.9183,1755100,0.0000,1.0000,73.4488,47.0046,48.5421,46.2718,47.9940,49.7162
2019-04-17,49.2200,49.2450,49.0100,49.1200,48.8884,2826000,0.0000,1.0000,73.1681,46.9388,48.4407,46.2829,47.9235,49.5641
2019-04-16,49.1200,49.1700,48.8400,49.0300,48.7989,2157000,0.0000,1.0000,72.3540,46.8946,48.3275,46.2441,47.8235,49.4029
2019-04-15,49.0300,49.0650,48.6930,48.9800,48.7491,2345700,0.0000,1.0000,71.9144,46.8420,48.2104,46.1574,47.7070,49.2566
2019-04-12,48.9700,49.0600,48.7950,49.0200,48.7889,4894100,0.0000,1.0000,72.7740,46.7818,48.0822,46.0864,47.5890,49.0916
2019-04-11,48.6600,48.7200,48.5150,48.6000,48.3709,2115300,0.0000,1.0000,69.1824,46.7240,47.9259,46.1204,47.4890,48.8576
2019-04-10,48.4700,48.6000,48.3000,48.5700,48.3410,2265200,0.0000,1.0000,68.9103,46.6384,47.8135,46.1396,47.4160,48.6924
2019-04-09,48.1200,48.4400,48.1100,48.3600,48.1320,4872800,0.0000,1.0000,67.0180,46.5408,47.6874,46.1936,47.3550,48.5164
2019-04-08,48.2600,48.2800,47.9900,48.2300,48.0026,2340500,0.0000,1.0000,65.8221,46.4578,47.5753,46.2308,47.2975,48.3642
2019-04-05,48.3500,48.3600,48.1703,48.3200,48.0922,2379700,0.0000,1.0000,67.3930,46.3852,47.4662,46.2529,47.2360,48.2191
2019-04-04,48.1100,48.3490,47.9400,48.1800,47.9529,2788100,0.0000,1.0000,66.2288,46.2996,47.3239,46.1732,47.1285,48.0838
2019-04-03,47.9500,48.3300,47.8100,47.9100,47.6841,2303600,0.0000,1.0000,63.9222,46.2128,47.1812,46.1214,47.0295,47.9376
2019-04-02,47.6200,47.8000,47.4570,47.7300,47.5050,3323300,0.0000,1.0000,62.3294,46.1354,47.0598,46.1351,46.9645,47.7939
2019-04-01,47.1300,47.5200,47.1300,47.4800,47.2562,4249700,0.0000,1.0000,60.0550,46.0802,46.9481,46.1473,46.9095,47.6717
2019-03-29,46.9200,46.9600,46.4000,46.7700,46.5495,2542900,0.0000,1.0000,52.4906,46.0228,46.8594,46.0990,46.8525,47.6060
2019-03-28,46.7400,46.8000,46.4400,46.6700,46.4500,1891100,0.0000,1.0000,51.2841,45.9760,46.8743,46.0345,46.8280,47.6215
2019-03-27,47.1800,47.2800,46.5300,46.7800,46.5595,2465700,0.0000,1.0000,52.6498,45.9350,46.9084,45.9051,46.7905,47.6759
2019-03-26,47.1300,47.5400,46.9100,47.1200,46.8979,2488600,0.0000,1.0000,57.0071,45.8772,46.9298,45.7774,46.7460,47.7146
2019-03-25,46.8400,47.1200,46.5900,46.8900,46.6689,2408500,0.0000,1.0000,54.6495,45.8158,46.8981,45.7068,46.6960,47.6852
2019-03-22,47.5200,47.7170,46.8300,46.9700,46.7486,5174600,0.0000,1.0000,55.6349,45.7634,46.8995,45.6419,46.6575,47.6731
2019-03-21,46.9700,47.7770,46.9300,47.7400,47.5149,3183200,0.0000,1.0000,66.3225,45.7076,46.8877,45.5767,46.6125,47.6483
2019-03-20,46.7000,47.2600,46.5300,47.1200,46.8979,7390700,0.0000,1.0000,60.6740,45.6352,46.7456,45.5259,46.5075,47.4891
2019-03-19,46.8000,47.0700,46.5150,46.7000,46.4798,3570800,0.0000,1.0000,56.0357,45.5606,46.6833,45.4980,46.4550,47.4120
2019-03-18,46.8200,46.8700,46.5150,46.6200,46.4002,2807200,0.0000,1.0000,55.0990,45.4846,46.6805,45.4767,46.4315,47.3863
2019-03-15,47.1200,47.1600,46.7570,47.0200,46.7983,6868900,0.0830,1.0000,61.1477,45.3748,46.6905,45.4528,46.4095,47.3662
2019-03-14,47.2000,47.3000,47.0000,47.1400,46.8352,3539800,0.0000,1.0000,63.0766,45.2710,46.6356,45.4264,46.3575,47.2886
2019-03-13,47.3800,47.5300,47.2000,47.3500,47.0438,3486900,0.0000,1.0000,66.4848,45.1538,46.5516,45.4041,46.2910,47.1779
2019-03-12,47.0900,47.3492,47.0700,47.2100,46.9047,8112500,0.0000,1.0000,65.3250,45.0312,46.4185,45.4444,46.2125,46.9806
2019-03-11,46.2900,47.0100,46.2900,47.0000,46.6961,3594000,0.0000,1.0000,63.5690,44.9140,46.2866,45.3840,46.1150,46.8460
2019-03-08,45.7000,46.2000,45.5600,46.1700,45.8714,2566500,0.0000,1.0000,55.2522,44.7972,46.1677,45.4260,46.0515,46.6770
2019-03-07,46.5500,46.5500,45.9700,46.2000,45.9012,3377700,0.0000,1.0000,55.6788,44.6532,46.1673,45.3339,46.0140,46.6941
2019-03-06,46.7100,46.8080,46.4700,46.6100,46.3086,6131600,0.0000,1.0000,61.7271,44.5254,46.1618,45.3193,45.9970,46.6747
2019-03-05,46.3500,46.7600,46.1200,46.6300,46.3285,2805900,0.0000,1.0000,62.0324,44.4190,46.0871,45.2704,46.0120,46.7536
2019-03-04,46.5100,46.6300,45.7450,46.3400,46.0403,2906600,0.0000,1.0000,59.3242,44.3270,45.9967,45.2912,46.0005,46.7098
2019-03-01,46.2200,46.2997,46.0100,46.2800,45.9807,7114200,0.0000,1.0000,58.7591,44.2592,45.9394,45.2900,45.9820,46.6740
2019-02-28,45.8500,46.0700,45.8100,45.9200,45.6230,2374200,0.0000,1.0000,55.2989,44.1888,45.8827,45.2924,45.9745,46.6566
2019-02-27,45.9141,46.0800,45.5600,45.8900,45.5932,4009800,0.0000,1.0000,55.0068,44.1426,45.8765,44.9013,45.8945,46.8877
2019-02-26,45.9800,46.3340,45.8500,46.1200,45.8217,4704600,0.0000,1.0000,57.6907,44.1056,45.8742,44.4024,45.7845,47.1666
2019-02-25,46.3400,46.4050,46.0800,46.1200,45.8217,2410800,0.0000,1.0000,57.6907,44.0680,45.8332,44.1570,45.6890,47.2210
2019-02-22,45.8300,46.0900,45.7200,46.0700,45.7721,4005400,0.0000,1.0000,57.3001,44.0210,45.7854,44.0243,45.6130,47.2017
2019-02-21,45.9600,45.9880,45.4700,45.6400,45.3449,2631200,0.0000,1.0000,53.9023,43.9742,45.7380,43.7981,45.5115,47.2249
2019-02-20,46.2800,46.3800,45.8200,46.0700,45.7721,3566300,0.0000,1.0000,58.2030,43.9294,45.7543,43.5617,45.4215,47.2813
2019-02-19,46.0500,46.4000,45.9776,46.2300,45.9310,4218800,0.0000,1.0000,59.8530,43.8928,45.7017,43.3925,45.3200,47.2475
2019-02-15,46.3007,46.3000,45.9400,46.1800,45.8814,2283500,0.0000,1.0000,59.5200,43.8432,45.6137,43.3707,45.2570,47.1433
2019-02-14,45.5700,46.1880,45.3800,45.9800,45.6827,2103300,0.0000,1.0000,58.2332,43.8212,45.5193,43.3219,45.1785,47.0351
2019-02-13,45.9700,46.1723,45.7700,45.8100,45.5138,3620700,0.0000,1.0000,57.1584,43.8018,45.4425,43.2553,45.1010,46.9467
2019-02-12,45.6900,45.9400,45.6700,45.7800,45.4839,2442900,0.0000,1.0000,56.9769,43.7872,45.3813,43.2145,45.0415,46.8685
2019-02-11,45.9200,46.0200,45.2300,45.2600,44.9673,2061100,0.0000,1.0000,53.8299,43.7702,45.3148,43.0873,44.9470,46.8067
2019-02-08,45.1000,45.7300,45.0600,45.7300,45.4343,2600400,0.0000,1.0000,57.3508,43.7452,45.3240,42.9931,44.8865,46.7799
2019-02-07,45.4500,45.5890,44.9300,45.4200,45.1263,2341500,0.0000,1.0000,55.5709,43.7080,45.2563,42.9433,44.8135,46.6837
2019-02-06,46.5300,46.5300,45.7600,45.8600,45.5634,3748900,0.0000,1.0000,58.8053,43.6574,45.2290,42.8837,44.7515,46.6193
2019-02-05,46.3600,46.9531,46.3300,46.9100,46.6066,2388600,0.0000,1.0000,67.5124,43.6094,45.1238,42.8500,44.6645,46.4790
2019-02-04,46.0129,46.4000,45.8600,46.4000,46.0999,3703100,0.0000,1.0000,65.1876,43.5302,44.8262,42.9121,44.4885,46.0649
2019-02-01,46.0300,46.3600,45.9100,45.9700,45.6727,4395100,0.0000,1.0000,63.1215,43.4726,44.5639,42.8518,44.3135,45.7752
2019-01-31,45.5000,46.3200,45.4100,46.1300,45.8317,4798700,0.0000,1.0000,64.4430,43.4508,44.3295,42.2329,44.0715,45.9101
2019-01-30,43.9500,44.4040,43.5115,44.3200,44.0334,2578000,0.0000,1.0000,54.4187,43.4302,44.0294,42.0254,43.8565,45.6876
2019-01-29,44.1800,44.1900,43.5500,43.6900,43.4075,1138100,0.0000,1.0000,49.8491,43.4392,43.9810,41.5726,43.7045,45.8364
2019-01-28,44.1800,44.2692,43.8210,44.2100,43.9241,4328200,0.0000,1.0000,53.9982,43.4564,44.0295,41.1896,43.5810,45.9724
2019-01-25,44.4300,44.7400,44.3543,44.6000,44.3116,3341100,0.0000,1.0000,57.3208,43.4660,43.9994,40.8781,43.4380,45.9979
2019-01-24,43.8200,44.0900,43.5917,44.0400,43.7552,2878700,0.0000,1.0000,53.5064,43.4814,43.8993,40.5822,43.2660,45.9498
2019-01-23,44.2900,44.3700,43.4400,43.8400,43.5565,2540500,0.0000,1.0000,52.0862,43.5270,43.8758,39.7695,43.0125,46.2555
2019-01-22,44.6600,44.7200,43.7600,44.0400,43.7552,4343200,0.0000,1.0000,53.6067,43.5854,43.8818,39.3083,42.8110,46.3137
2019-01-18,44.9400,45.2750,44.7602,44.9700,44.6792,3375800,0.0000,1.0000,61.3380,43.6230,43.8554,39.1587,42.6735,46.1883
2019-01-17,44.3300,44.7300,44.1900,44.6100,44.3215,3311000,0.0000,1.0000,59.2242,43.6366,43.6697,39.1657,42.5265,45.8873
2019-01-16,44.6700,44.7800,44.3700,44.4300,44.1427,20343800,0.0000,1.0000,58.1621,43.6612,43.5129,39.2131,42.4435,45.6739
2019-01-15,44.1100,44.7200,44.0300,44.6200,44.3315,2459700,0.0000,1.0000,59.6858,43.6988,43.3601,39.2554,42.3600,45.4646
2019-01-14,43.7600,44.0620,43.5500,43.8900,43.6062,2344900,0.0000,1.0000,55.5293,43.7272,43.1501,39.3230,42.3095,45.2960
2019-01-11,43.9900,44.1200,43.6600,44.0500,43.7651,1227900,0.0000,1.0000,56.7195,43.7516,43.0268,39.3140,42.3170,45.3200
2019-01-10,43.9900,44.3300,43.6600,44.2700,43.9837,1340500,0.0000,1.0000,58.3154,43.7488,42.8563,39.3005,42.3265,45.3525
2019-01-09,44.2600,44.2900,43.7900,44.1800,43.8943,1840800,0.0000,1.0000,57.8651,43.7554,42.6207,39.3324,42.3015,45.2706
2019-01-08,43.8100,44.1800,43.4900,44.1200,43.8347,2144800,0.0000,1.0000,57.5814,43.7886,42.3608,39.3608,42.2790,45.1972
2019-01-07,42.9500,43.5700,42.8100,43.3900,43.1094,4048400,0.0000,1.0000,54.0891,43.7936,42.0676,39.3997,42.2430,45.0863
2019-01-04,41.8100,43.0100,41.6700,42.9000,42.6226,2647900,0.0000,1.0000,51.6058,43.8576,41.8472,39.3510,42.2855,45.2200
2019-01-03,41.5600,41.8800,41.0600,41.1300,40.8640,3433700,0.0000,1.0000,40.8797,43.9334,41.6717,39.3351,42.3280,45.3209
2019-01-02,40.6000,42.0350,40.5200,41.8300,41.5595,4625800,0.0000,1.0000,44.5019,44.0452,41.7620,39.3586,42.5255,45.6924
2018-12-31,41.5400,41.6800,40.7600,41.2800,41.0131,5303600,0.0000,1.0000,40.6662,44.1432,41.7506,39.3579,42.6845,46.0111
2018-12-28,41.5100,41.8400,40.9600,41.2200,40.9534,2631900,0.0000,1.0000,40.2478,44.2696,41.8291,39.4577,42.8745,46.2913
2018-12-27,40.5900,41.3500,39.7486,41.3500,41.0826,3768600,0.0000,1.0000,40.8270,44.3934,41.9306,39.6198,43.0600,46.5002
2018-12-26,39.2700,41.1800,39.0410,41.1600,40.8938,4104000,0.0000,1.0000,39.6484,44.4902,42.0273,39.8226,43.1930,46.5634
2018-12-24,39.5300,40.1600,38.9700,38.9700,38.7180,3888500,0.0000,1.0000,23.2978,44.5944,42.1719,40.0802,43.3285,46.5768
2018-12-21,41.2600,41.6100,39.5000,39.8100,39.5526,7987400,0.1340,1.0000,25.7859,44.7222,42.7056,40.9483,43.5245,46.1007
2018-12-20,41.7800,42.2100,40.7670,41.2900,40.8899,9067000,0.0000,1.0000,31.2454,44.8410,43.1881,41.7719,43.7070,45.6421
2018-12-19,42.8900,43.5716,41.7900,42.0300,41.6227,5714100,0.0000,1.0000,34.6516,44.9678,43.5045,42.1580,43.7900,45.4220
2018-12-18,42.9900,43.4200,42.7000,42.9500,42.5338,3597400,0.0000,1.0000,39.6405,45.0804,43.7503,42.4375,43.8645,45.2915
2018-12-17,43.4500,43.8400,42.4400,42.7600,42.3456,3275000,0.0000,1.0000,37.9267,45.1778,43.8836,42.5334,43.9610,45.3886
2018-12-14,43.5900,44.1400,43.5200,43.6100,43.1874,1910800,0.0000,1.0000,42.9983,45.2882,44.0709,42.6801,44.0780,45.4759
2018-12-13,44.3800,44.5400,43.7600,44.0400,43.6132,1984100,0.0000,1.0000,45.8804,45.3956,44.1477,42.7243,44.1360,45.5477
2018-12-12,44.1800,44.8300,44.1800,44.2400,43.8113,3352600,0.0000,1.0000,47.2481,45.4900,44.1657,42.7393,44.1615,45.5837
2018-12-11,44.2600,44.3600,43.5300,43.7700,43.3458,4425900,0.0000,1.0000,43.5777,45.5812,44.1533,42.7434,44.1840,45.6246
2018-12-10,43.5200,43.9400,42.9070,43.7300,43.3062,3379500,0.0000,1.0000,43.2657,45.6858,44.2172,42.7485,44.2640,45.7795
2018-12-07,44.0907,44.4500,43.2100,43.4000,42.9794,2625800,0.0000,1.0000,40.7564,45.7948,44.2984,42.6563,44.3935,46.1307
2018-12-06,43.1000,44.2400,42.9700,44.2400,43.8113,3560400,0.0000,1.0000,45.5146,45.9020,44.4481,42.6050,44.5615,46.5180
2018-12-04,45.0000,45.2600,43.6500,43.7500,43.3260,3268000,0.0000,1.0000,41.8365,45.9886,44.4828,42.6089,44.6455,46.6821
2018-12-03,45.9821,45.9800,44.9000,45.0800,44.6431,5790400,0.0000,1.0000,50.4142,46.0846,44.6049,42.7025,44.7405,46.7785
2018-11-30,45.1600,45.1600,44.6400,45.0100,44.5738,5563500,0.0000,1.0000,49.9123,46.1540,44.5257,42.6890,44.7785,46.8680
2018-11-29,44.6900,45.3050,44.5350,45.0800,44.6431,2247700,0.0000,1.0000,50.3859,46.2318,44.4450,42.6509,44.8435,47.0361
2018-11-28,44.2400,44.9300,43.7300,44.9300,44.4946,2707400,0.0000,1.0000,49.4312,46.2976,44.3392,42.6390,44.8915,47.1440
2018-11-27,43.7200,44.1504,43.5300,44.0100,43.5835,2114400,0.0000,1.0000,43.2073,46.3638,44.2407,42.6461,44.9005,47.1549
2018-11-26,43.3900,43.8800,43.2800,43.8700,43.4448,2563700,0.0000,1.0000,42.2021,46.4416,44.2791,42.6327,44.8955,47.1583
2018-11-23,43.1900,43.3300,42.8900,42.8900,42.4743,667100,0.0000,1.0000,34.6884,46.5316,44.3473,42.7135,44.9320,47.1505
2018-11-21,43.3900,43.8600,43.3200,43.4600,43.0388,3187400,0.0000,1.0000,37.3078,46.6430,44.5902,43.0385,45.0795,47.1205
2018-11-20,42.7400,43.4200,42.3788,42.9500,42.5338,5028200,0.0000,1.0000,33.1113,46.7362,44.7786,43.1927,45.1250,47.0573
2018-11-19,44.7300,44.7593,43.3900,43.5200,43.0982,2358000,0.0000,1.0000,35.5833,46.8424,45.0833,43.5508,45.3070,47.0632
2018-11-16,44.8400,45.0500,44.4500,44.8800,44.4451,2092100,0.0000,1.0000,42.6353,46.9276,45.3439,43.8139,45.4655,47.1171
2018-11-15,44.5600,45.1822,44.1360,45.1000,44.6629,3864100,0.0000,1.0000,43.9435,46.9836,45.4212,43.8429,45.5575,47.2721
2018-11-14,45.0300,45.1500,44.4112,44.7700,44.3361,2137500,0.0000,1.0000,41.4409,47.0332,45.4747,43.8652,45.6390,47.4128
2018-11-13,44.8900,45.2900,44.4600,44.5500,44.1183,2186100,0.0000,1.0000,39.7765,47.0966,45.5922,43.8610,45.7805,47.7000
2018-11-12,45.3200,45.3700,44.5000,44.6900,44.2569,1203700,0.0000,1.0000,40.4559,47.1770,45.7659,43.9662,45.9235,47.8808
2018-11-09,45.7400,45.9100,45.0100,45.3700,44.9303,2234500,0.0000,1.0000,43.8330,47.2668,45.9452,44.1228,45.9985,47.8742
2018-11-08,46.7900,46.7900,46.0500,46.3200,45.8711,1295700,0.0000,1.0000,49.1560,47.3528,46.0411,44.1892,46.0485,47.9078
2018-11-07,46.3900,46.7900,46.1700,46.7600,46.3068,2705800,0.0000,1.0000,51.8649,47.4260,45.9946,44.1223,46.0005,47.8787
2018-11-06,45.7000,46.1800,45.5700,45.9200,45.4750,2040300,0.0000,1.0000,46.6535,47.4848,45.8670,44.1021,45.9500,47.7979
2018-11-05,45.9300,45.9300,45.3200,45.6500,45.2076,2439500,0.0000,1.0000,44.8721,47.5648,45.8582,44.0481,46.0355,48.0229
2018-11-02,46.4500,46.7480,45.5400,45.8400,45.3958,2628600,0.0000,1.0000,45.8731,47.6406,45.8928,44.0366,46.1360,48.2354
2018-11-01,46.1900,46.4100,45.7400,46.3100,45.8612,2550000,0.0000,1.0000,48.3505,47.6984,45.9017,44.0174,46.2350,48.4526
2018-10-31,45.9900,46.5500,45.7900,46.0400,45.5938,3577200,0.0000,1.0000,46.8184,47.7508,45.8336,43.9430,46.3335,48.7240
2018-10-30,43.8400,45.1700,43.6650,45.1100,44.6728,6283600,0.0000,1.0000,41.2439,47.8098,45.7992,43.8326,46.4805,49.1284
2018-10-29,45.3004,45.6000,43.0700,43.9100,43.4845,3491000,0.0000,1.0000,32.8048,47.8814,45.9141,43.9168,46.6630,49.4092
2018-10-26,44.4300,45.6000,44.0400,44.6000,44.1678,5229100,0.0000,1.0000,35.5295,47.9754,46.2481,44.3190,46.9075,49.4960
2018-10-25,45.1700,46.1500,45.1700,45.8400,45.3958,3391700,0.0000,1.0000,41.2463,48.0602,46.5228,44.6140,47.1275,49.6410
2018-10-24,46.5800,46.5798,44.3200,44.3700,43.9400,3552300,0.0000,1.0000,28.5997,48.1206,46.6365,44.7028,47.2945,49.8862
2018-10-23,46.0300,46.7900,45.6380,46.5900,46.1385,2779600,0.0000,1.0000,40.9648,48.2242,47.0143,45.2242,47.5140,49.8038
2018-10-22,46.9900,47.1200,46.5100,46.6900,46.2375,2711700,0.0000,1.0000,41.7193,48.2764,47.0850,45.3203,47.6130,49.9057
2018-10-19,47.0000,47.4100,46.5400,46.7200,46.2672,3544400,0.0000,1.0000,41.9344,48.3280,47.1509,45.4198,47.7060,49.9922
2018-10-18,47.4853,47.4900,46.3770,46.7300,46.2771,21297200,0.0000,1.0000,42.0015,48.3874,47.2227,45.5300,47.7975,50.0650
2018-10-17,47.7400,47.7400,47.1100,47.6000,47.1387,4571000,0.0000,1.0000,48.2308,48.4412,47.3048,45.6456,47.9060,50.1664
2018-10-16,46.6909,47.5050,46.6100,47.4100,46.9505,3707300,0.0000,1.0000,46.6255,48.4784,47.2556,45.6800,47.9445,50.2090
2018-10-15,46.2100,46.6800,46.0000,46.1900,45.7424,1576900,0.0000,1.0000,34.5187,48.5182,47.2298,45.7318,47.9860,50.2402
2018-10-12,46.4400,46.5000,45.5894,46.3700,45.9206,5877600,0.0000,1.0000,35.6258,48.5726,47.4031,45.9719,48.0715,50.1711
2018-10-11,45.6600,46.2700,44.9300,45.3600,44.9204,8840700,0.0000,1.0000,22.7101,48.6168,47.5753,46.2203,48.1715,50.1227
2018-10-10,47.5300,47.5400,45.7110,45.7500,45.3066,4050700,0.0000,1.0000,24.4705,48.6748,47.9445,46.8613,48.3265,49.7917
2018-10-09,47.6600,48.1200,47.5700,47.6300,47.1684,1991400,0.0000,1.0000,37.4725,48.7290,48.3103,47.5666,48.4450,49.3234
2018-10-08,47.6000,47.8300,47.0100,47.6600,47.1981,2170000,0.0000,1.0000,37.7699,48.7392,48.4237,47.6755,48.4765,49.2775
2018-10-05,48.3500,48.5282,47.4800,47.8200,47.3566,2648400,0.0000,1.0000,39.3150,48.7642,48.5510,47.7046,48.4825,49.2604
2018-10-04,48.9300,48.9300,47.8682,48.2800,47.8121,5292200,0.0000,1.0000,44.1350,48.8049,48.6728,47.6717,48.4755,49.2793
2018-10-03,49.0300,49.1900,48.8500,48.9800,48.5053,5146200,0.0000,1.0000,53.3829,48.8755,48.7382,47.5495,48.4405,49.3315
2018-10-02,48.7700,48.9620,48.5800,48.7600,48.2875,5823500,0.0000,1.0000,50.3466,48.9247,48.6980,47.5082,48.3885,49.2688
2018-10-01,49.1700,49.2200,48.5700,48.8000,48.3271,7636900,0.0000,1.0000,50.9064,48.9711,48.6876,47.5109,48.3790,49.2471
2018-09-28,49.0700,49.1200,48.7980,49.0000,48.5251,2306600,0.0000,1.0000,53.6774,49.0125,48.6689,47.4788,48.3980,49.3172
2018-09-27,49.0600,49.5300,48.8900,49.1800,48.7034,3649400,0.0000,1.0000,56.2355,49.0533,48.6137,47.3867,48.4315,49.4763
2018-09-26,48.6500,49.2500,48.6000,48.7600,48.2875,5688600,0.0000,1.0000,51.1960,49.0977,48.5193,47.2662,48.4715,49.6768
2018-09-25,48.5354,48.6500,48.2500,48.5700,48.0993,3994500,0.0000,1.0000,48.7153,49.1535,48.4792,47.2036,48.5185,49.8334
2018-09-24,48.2100,48.6190,48.0100,48.5500,48.0795,6769400,0.0000,1.0000,48.4592,49.2129,48.4641,47.1358,48.5860,50.0362
2018-09-21,49.0200,49.0400,48.4200,48.5500,48.0795,7974600,0.1320,1.0000,48.4592,49.2757,48.4497,47.1336,48.6305,50.1274
2018-09-20,48.7715,48.9500,48.5200,48.9000,48.2954,4554200,0.0000,1.0000,52.4078,49.3401,48.4330,47.1424,48.6395,50.1366
2018-09-19,48.2900,48.4200,47.9900,48.3700,47.7719,2385200,0.0000,1.0000,46.2494,49.3815,48.3552,47.1428,48.6410,50.1392
2018-09-18,47.9474,48.4100,47.9000,48.2400,47.6435,430100,0.0000,1.0000,44.6171,49.4349,48.3527,47.1719,48.6720,50.1721
2018-09-17,48.4213,48.4200,47.8600,47.9000,47.3077,810800,0.0000,1.0000,40.2074,49.4913,48.3715,47.2075,48.6945,50.1815
2018-09-14,48.6400,48.6400,48.2500,48.3700,47.7719,1190800,0.0000,1.0000,44.7846,49.5487,48.4501,47.2874,48.7300,50.1726
2018-09-13,48.3100,48.5200,48.2100,48.4600,47.8608,754500,0.0000,1.0000,45.7098,49.5809,48.4634,47.3198,48.7535,50.1872
2018-09-12,48.1300,48.2500,47.8500,48.1200,47.5250,713300,0.0000,1.0000,41.4678,49.5963,48.4640,47.3456,48.7735,50.2014
2018-09-11,47.7200,48.3600,47.6600,48.2600,47.6633,615700,0.0000,1.0000,42.7448,49.6307,48.5214,47.4119,48.8450,50.2781
2018-09-10,47.9800,47.9800,47.5590,47.7800,47.1892,310900,0.0000,1.0000,36.5211,49.6561,48.5649,47.4772,48.8920,50.3068
2018-09-07,47.2800,47.9500,47.2300,47.6800,47.0905,755700,0.0000,1.0000,35.1576,49.6923,48.6957,47.6396,48.9665,50.2934
2018-09-06,47.9100,47.9800,47.1718,47.5800,46.9917,599600,0.0000,1.0000,33.8379,49.7207,48.8650,47.8447,49.0670,50.2893
2018-09-05,48.5200,48.5200,47.7600,47.9400,47.3472,773600,0.0000,1.0000,36.3081,49.7597,49.0792,48.1378,49.1590,50.1802
2018-09-04,49.0500,49.0500,48.4000,48.5700,47.9695,343700,0.0000,1.0000,41.1948,49.7899,49.2691,48.3744,49.2350,50.0956
2018-08-31,49.6200,49.6168,49.0420,49.1800,48.5719,235000,0.0000,1.0000,46.8660,49.8283,49.3856,48.4698,49.2765,50.0832
2018-08-30,49.8100,50.0374,49.4800,49.6700,49.0559,344400,0.0000,1.0000,52.2292,49.8501,49.4198,48.4414,49.2630,50.0846
2018-08-29,49.8300,50.0200,49.6700,49.9800,49.3620,270900,0.0000,1.0000,55.9936,49.8683,49.3781,48.3581,49.2085,50.0589
